Challenge,Title,Phase,Category,Key Concepts,Builds On,Expected Outcome,Status,Notes
#001,MediaTrack Class,Foundations,OOP,Classes; properties; methods; constructors; ToString(),,Create a reusable MediaTrack model for music and karaoke files.,Completed,Initial challenge.
#002,Library Scanner,Foundations,File Handling,Directory traversal; collections; dictionaries; case-insensitive extensions,#001,Recursively scan folders and identify supported media files.,Completed,Completed before roadmap v1.0 snapshot.
#003,Karaoke File Pairing,Foundations,File Handling,File matching; path handling; collections; modelling relationships,#002,Pair CDG files with matching audio files and report incomplete pairs.,Completed,Completed before Milestone 1.
#004,Media Type Detection,Foundations,Enums & Classification,Enums; switch expressions; file extensions; case-insensitive classification,#001; #002,"Classify supported media files as audio, karaoke graphics, or unsupported.",Completed,Final implementation uses MediaFileType and MediaTypeDetector.
#005,File Validation,Foundations,Defensive Coding,Guard clauses; nullable reference types; validation; file existence,#002; #003,Validate paths and media files cleanly before processing them.,Completed,Reuses Media Type Detection through a project reference.
#006,Media Library,Foundations,Collections,List<T>; encapsulation; add/remove/find operations,#001; #002,Manage scanned MediaTrack objects through a dedicated library class.,Completed,Introduced reusable MediaLibrary collection management.
#007,Media Library Queries,Foundations,LINQ,LINQ; Where; Any; IEnumerable<T>; lambda expressions; case-insensitive searching,#006,"Query the media library by artist, title, filename, file path, and extension.",Completed,Implemented as MediaLibraryQueries static service.
#008,Media Library Filtering,Foundations,LINQ,LINQ query syntax; IEnumerable<T>; filtering; where; select,#004; #006; #007,Filter music and karaoke tracks by karaoke status and duration.,Completed,Practised LINQ query syntax through MediaLibraryFilterService.
#009,Track Sorting,Foundations,LINQ & Equality,LINQ sorting; OrderBy; ThenBy; IComparer<T>; custom comparison,#006; #007,"Sort tracks by artist/title, title, and duration using LINQ and a custom comparer.",Completed,Includes ArtistTitleComparer with case-insensitive comparison.
#010,Duplicate Detection,Foundations,Collections & Equality,HashSet<T>; IEqualityComparer<T>; custom equality; Equals(); GetHashCode(); case-insensitive comparison,#006; #009,Identify duplicate and distinct tracks using artist/title equality rules.,Completed,Uses ArtistTitleEqualityComparer and DuplicateDetectionService.
#011,Media Library Processor,Milestone 1,Integration,Integration; IEnumerable<T>; filtering; sorting; duplicate detection; code reuse,#001–#010,"Combine duplicate detection, filtering, sorting, and presentation into a coherent media library processing workflow.",Completed,Milestone 1 completed; integration challenge and milestone quiz completed.
#012,Media Metadata Model,Metadata,Data Modelling,Records/classes; nullable properties; metadata fields; immutability,#001; #005,"Represent title, artist, album, genre, year, track number, duration, and technical metadata.",Completed,"Implemented using an immutable record with required file path, nullable metadata fields, value equality and with expressions."
#013,Read Embedded Audio Metadata,Metadata,NuGet & APIs,NuGet packages; third-party APIs; MP3/FLAC/Opus tags; resource disposal,#012,Read embedded metadata from supported audio files using a suitable metadata library.,Completed,Implemented using TagLibSharp; tested with MP3 metadata and technical audio properties.
#014,Filename Metadata Fallback,Metadata,String Parsing,String parsing; regular expressions; TryParse-style APIs,#012; #013,Extract artist/title from filenames when embedded tags are missing.,Completed,"Implemented filename fallback for artist, title and track number while preserving available embedded metadata."
#015,Metadata Resolution,Metadata,Business Rules,Fallback rules; null handling; precedence; pure functions,#013; #014,"Choose the best metadata from embedded tags, filenames, and defaults.",Completed,"Implemented metadata precedence using embedded values first, filename-derived fallbacks, whitespace handling and nullable value resolution."
#016,Metadata Reader Interface,Metadata,Interfaces,Interfaces; abstraction; dependency inversion,#013; #015,Wrap the third-party metadata package behind an application-owned IMetadataReader.,Completed,"Introduced IMetadataReader and EmbeddedMetadata, moved TagLibSharp-specific reading into TagLibMetadataReader, and refactored MediaMetadataScanner to depend on the interface."
#017,Metadata Resolution Tests,Metadata,Unit Testing,Test project; assertions; parameterized tests; edge cases,#014; #015,Introduce automated tests around deterministic metadata and filename rules.,Completed,"Added xUnit test project with 15 passing tests covering metadata precedence, filename fallback, parameterized cases, exceptions, fake metadata readers, and temporary-file cleanup."
#018,Scan Result Model,Metadata,Data Modelling,Records; result objects; warnings/errors; separation of concerns,#002; #005,Return structured scan results rather than mixing scanning with console output.,Completed,"Uses an explicit IsSuccess flag; failed scans use null metadata, while warnings represent non-fatal issues."
#019,Exception Handling & Error Reporting,Metadata,Reliability,Exceptions; try/catch; custom exceptions; recoverable failures,#005; #018,"Handle inaccessible folders, corrupt metadata, and missing files without crashing the whole scan.",Completed,"Introduced MediaScanService with structured ScanResult error handling for missing files, invalid metadata, access failures and unexpected exceptions; added non-fatal metadata warnings and batch scanning that continues after individual failures."
#020,Scan Statistics,Metadata,LINQ,GroupBy; aggregates; percentages; summaries,#018; #019,"Produce useful statistics about supported files, failures, karaoke pairs, and metadata quality.",Completed,"Added scan success/failure summaries, warning totals, file-extension grouping, metadata completeness statistics, and matched/unmatched karaoke pairing statistics."
#021,Metadata Library Milestone,Milestone 2,Integration,Integration; refactoring; test coverage; service boundaries,#012–#020,Create a scanner that produces resolved metadata and useful diagnostics for a real library.,Completed,"Integrated library discovery, metadata scanning, diagnostics, karaoke pairing and scan statistics into a single workflow; separated metadata-capable audio files from CDG pairing files; tested against a mixed real library of 859 supported files with 714 successful metadata scans and 145 matched karaoke pairs."
#022,Configuration File,Configuration & Library Architecture,JSON,System.Text.Json; serialization; deserialization; defaults,#005; #020,Store application settings and library locations in JSON.,Completed,Added AppConfiguration and ConfigurationLoader; integrated JSON configuration into the Metadata Library Milestone.
#023,Configuration Validation,Configuration & Library Architecture,Validation,Validation; defaults; nullable reference types; error messages,#022,Load configuration safely and recover from missing or invalid settings.,Completed,Added ConfigurationValidator; separated loading failures from validation failures; integrated validation into the Metadata Library Milestone.
#024,Multiple Library Sources,Configuration & Library Architecture,Architecture,Collections; configuration models; source types; disconnected drives,#022; #023,Support multiple enabled/disabled music and karaoke source folders.,Completed,"Added LibrarySource and LibrarySourceType with Music, Karaoke and Mixed source types; configuration now supports multiple enabled/disabled sources, readable JSON enum values, case-insensitive duplicate-path validation, combined scanning across available sources, and graceful handling of unavailable drives."
#025,Source-Specific Scan Rules,Configuration & Library Architecture,Architecture,Enums; switch logic; filtering; configuration-driven behaviour; separation of concerns; unit testing,#018; #020; #024,"Apply different scanning rules to Music, Karaoke, and Mixed library sources.",Completed,"Added LibrarySourceRulesService to apply source-specific karaoke processing rules; Music sources exclude files from karaoke pairing, Karaoke sources include all discovered files, and Mixed sources include matched MP3/CDG pairs plus unmatched CDG files while allowing standalone MP3 files as valid music; added a dedicated xUnit test project with 6 passing tests covering source behaviour, directory-aware pairing and case-insensitive extensions."
#026,Playlist Model,Library Features,Collections,Collections; ordering; encapsulation; identifiers; unit testing,#006,Create and manipulate playlists containing library tracks.,Completed,"Added an in-memory Playlist model with Guid identity, ordered MediaTrackModel storage, read-only track access, count, add/remove/clear operations and boolean removal results; duplicate playlist entries remain permitted to support different recordings and repeated tracks; added a dedicated xUnit test project with 6 passing tests covering collection behaviour, ordering, removal and clearing."
#027,M3U Playlist Import & Export,Library Features,Interoperability,Text formats; relative/absolute paths; import/export,#026,Read and write common M3U playlists.,Completed,"Implemented M3U reader and writer with relative/absolute path support, 11 automated tests, round-trip verification, and manual VLC/Winamp interoperability testing."
#028,Playback Queue Manager,Library Features,Collections,Queue-like behaviour; ordering; mutation; state,#026,Maintain an editable ordered playback queue.,Completed,"Added PlaybackQueue with enqueue, queue-next, peek, dequeue, remove and clear operations; preserves queue ordering and exposes queued tracks through a read-only collection; added a dedicated xUnit test project with 12 passing tests covering queue state, ordering, mutation and empty-queue behaviour, plus a console demo for manual verification."
#029,Playback History & Play Counts,Library Features,State,Collections; LINQ; timestamps; counters; domain methods,#006; #028,"Track recently played songs, last-played time, and play counts.",Completed,"Added PlaybackHistoryManager and PlaybackHistoryEntry to record in-memory playback events, calculate play counts and last-played timestamps, return newest-first history, validate track paths, and provide dedicated xUnit tests plus a console demo for manual verification."
#030,Favourites,Library Features,State & Persistence,Flags/state; serialization; identifiers,#006; #022,Mark favourite tracks and preserve that preference.,Completed,"Added FavouriteManager with duplicate-safe favourite state, validation and read-only access; added FavouriteStore for JSON save/load persistence, missing-file handling and invalid JSON behaviour; added dedicated xUnit tests plus a console demo verifying favourite state persists across application runs."
#031,Smart Lists,Library Features,LINQ,Predicates; reusable rules; composition; queries,#007; #008; #029; #030,"Generate dynamic lists such as favourites, unplayed tracks, or karaoke-only selections.",Completed,"Added SmartListRule with predicate-based matching and validation; added SmartList with ordered rule management and read-only access; added SmartListService using LINQ Where and All with AND semantics; added 22 passing xUnit tests covering validation, rule behaviour and filtering, plus a console demo using modern C# syntax."
#032,Advanced Search & Filter Rules,Library Features,LINQ & Generics,"Generics; predicates; All/Any matching; rule composition; reusable filters; input validation",#007; #008; #031,"Combine reusable search and filter rules using generic smart lists, configurable matching modes, rule composition, and existing sorting services.",Completed,"Extended Smart Lists with generic rule composition, configurable All/Any matching, reusable MediaTrackRules for search and filtering, and integration with existing media library sorting; expanded automated coverage across the Smart Lists project."
#033,Search & Playlist Milestone,Milestone 3,Integration,Application composition; dependency injection; cross-project integration; mapping; integration testing; targeted refactoring,#022–#032,"Produce a usable in-memory media library with configuration, search, playlists, favourites, and playback history.",Completed,"Integrated configuration-driven library scanning, source-specific rules, metadata mapping, media library building, smart-list filtering, sorting, favourites, playlist creation, M3U import/export and library resolution, playback queue, and playback history; extracted LibrarySourceRulesService into a reusable project; added focused and cross-project integration tests; manually verified against both a small mixed library and the full library."
#034,JSON Library Persistence,Persistence,Serialization,Serialization; file IO; DTOs; versioning,#006; #012; #022,Save and reload a modest media library without rescanning.,Planned,
#035,SQLite Fundamentals,Persistence,SQL,SQLite; tables; primary keys; INSERT; SELECT; UPDATE; DELETE,#034,Learn relational persistence using a small standalone SQLite database.,Planned,
#036,Media Library Database Schema,Persistence,Database Design,Normalization; keys; indexes; relationships; constraints,#012; #024; #026; #029; #035,"Design tables for tracks, sources, playlists, history, and related application data.",Planned,
#037,Database Data Access Layer,Persistence,Architecture,Repository/data access pattern; parameterized SQL; interfaces,#035; #036,Keep SQL/database concerns separate from library business logic.,Planned,
#038,Persist Scanned Tracks,Persistence,SQL & Integration,Transactions; upserts; identity; batching,#018; #036; #037,Store scan results and resolved metadata in SQLite.,Planned,
#039,Database-backed Search,Persistence,SQL,WHERE; ORDER BY; LIKE; indexes; query parameters,#032; #037; #038,Search and filter a large library efficiently from SQLite.,Planned,
#040,Incremental Library Scan,Persistence,File Synchronization,File timestamps; hashes/identifiers; change detection; upserts,#024; #038,Scan only files that are new or changed rather than rebuilding the whole library.,Planned,
#041,Library Reconciliation,Persistence,File Synchronization,Set comparison; missing files; stale records; transactions,#040,"Detect deleted, moved, and unavailable tracks and reconcile them with stored records.",Planned,
#042,FileSystemWatcher Library Updates,Persistence,Events & File IO,FileSystemWatcher; debounce; events; race conditions,#040; #041,React to library file changes without requiring a full manual rescan.,Planned,
#043,Database & Persistence Tests,Persistence,Testing,Temporary databases; integration tests; fixtures; cleanup,#035–#042,Verify database and incremental-scan behaviour with repeatable tests.,Planned,
#044,Persistent Library Milestone,Milestone 4,Integration,Architecture review; performance measurement; refactoring,#034–#043,Build a database-backed library that survives restarts and updates efficiently.,Planned,
#045,Async Library Scanner,Application Architecture,Async,async/await; Task; asynchronous IO; ConfigureAwait concepts,#018; #038,Run potentially slow scanning work without blocking the application.,Planned,
#046,Scan Progress Reporting,Application Architecture,Async & Events,IProgress<T>; progress models; event-driven updates,#045,Report scan progress independently of console or UI code.,Planned,
#047,Cancellation Support,Application Architecture,Async,CancellationToken; cooperative cancellation; cleanup,#045; #046,Safely cancel a long-running library scan.,Planned,
#048,Application Events & Delegates,Application Architecture,Events,Events; delegates; EventHandler<T>; subscriptions,#028; #042; #046,Publish library and playback state changes without tight coupling.,Planned,
#049,Service Interfaces,Application Architecture,Interfaces,Interfaces; dependency inversion; service contracts,#016; #037; #045,"Define clean boundaries for scanning, metadata, library, playlists, and playback services.",Planned,
#050,Dependency Injection,Application Architecture,Architecture,DI container; constructor injection; lifetimes; composition root,#049,Compose application services without manually constructing dependencies everywhere.,Planned,
#051,Performance Profiling,Application Architecture,Performance,Stopwatch; benchmarking concepts; allocations; query timing,#044; #045,"Measure scanner, metadata, and database performance on realistic library sizes.",Planned,
#052,Broader Unit & Integration Testing,Application Architecture,Testing,Mocks/fakes; integration boundaries; test design; regression tests,#017; #043; #049,Expand automated coverage across the main application services.,Planned,
#053,Application Architecture Milestone,Milestone 5,Refactoring,Layering; dependency review; testability; maintainability,#045–#052,Refactor the growing codebase into a clean application core ready for a desktop UI.,Planned,
#054,Playback State Model,Player,State Modelling,Enums; state transitions; timestamps; domain modelling,#028; #048,"Represent stopped, playing, paused, position, duration, and current track state.",Planned,
#055,Player Commands,Player,Application Logic,Command methods; validation; state transitions; interfaces,#054,"Implement play, pause, stop, next, previous, and seek behaviour at the application layer.",Planned,
#056,Karaoke Track Model,Player,Domain Modelling,Composition; optional components; invariants; equality,#003; #012; #054,Evolve karaoke modelling beyond a simple flag to represent audio/CDG pairs and incomplete tracks.,Planned,
#057,Karaoke Playback Coordination,Player,Playback Architecture,Timing; synchronization; interfaces; events,#055; #056,Coordinate audio playback state with karaoke graphics timing without coupling it directly to the UI.,Planned,
#058,MVVM & ViewModels,Player,Desktop UI Architecture,MVVM; observable state; commands; binding concepts,#048–#057,"Expose library, queue, search, and playback state through UI-friendly view models.",Planned,
#059,First Desktop Library UI,Player,Desktop UI,Data binding; lists; search controls; commands,#058,Build an initial Windows interface for browsing and searching the media library.,Planned,
#060,Now Playing & Karaoke UI,Player,Desktop UI,Playback controls; progress; secondary display concepts; event updates,#057–#059,Add now-playing controls and a karaoke-oriented display experience.,Planned,
#061,Mini Karaoke Player Milestone,Milestone 6,Integration,End-to-end integration; packaging readiness; retrospective,#054–#060,Combine the strongest components into a small working database-backed karaoke/music player prototype.,Planned,Potential transition point from short challenges into larger application feature tickets.
