Challenge,Title,Phase,Category,Key Concepts,Builds On,"Expected Outcome",Status,"Notes"
#001,MediaTrack Class,Foundations,OOP,Classes; properties; methods; constructors; ToString(),,"Create a reusable MediaTrack model for music and karaoke files.",Completed,"Initial challenge."
#002,Library Scanner,Foundations,File Handling,Directory traversal; collections; dictionaries; case-insensitive extensions,#001,"Recursively scan folders and identify supported media files.",Completed,"Completed before roadmap v1.0 snapshot."
#003,Karaoke File Pairing,Foundations,File Handling,File matching; path handling; collections; modelling relationships,#002,"Pair CDG files with matching audio files and report incomplete pairs.",Completed,"Completed before Milestone 1."
#004,Media Type Detection,Foundations,Enums & Classification,Enums; switch expressions; file extensions; case-insensitive classification,#001; #002,"Classify supported media files as audio, karaoke graphics, or unsupported.",Completed,"Final implementation uses MediaFileType and MediaTypeDetector."
#005,File Validation,Foundations,Defensive Coding,Guard clauses; nullable reference types; validation; file existence,#002; #003,"Validate paths and media files cleanly before processing them.",Completed,"Reuses Media Type Detection through a project reference."
#006,Media Library,Foundations,Collections,List<T>; encapsulation; add/remove/find operations,#001; #002,"Manage scanned MediaTrack objects through a dedicated library class.",Completed,"Introduced reusable MediaLibrary collection management."
#007,Media Library Queries,Foundations,LINQ,LINQ; Where; Any; IEnumerable<T>; lambda expressions; case-insensitive searching,#006,"Query the media library by artist, title, filename, file path, and extension.",Completed,"Implemented as MediaLibraryQueries static service."
#008,Media Library Filtering,Foundations,LINQ,LINQ query syntax; IEnumerable<T>; filtering; where; select,#004; #006; #007,"Filter music and karaoke tracks by karaoke status and duration.",Completed,"Practised LINQ query syntax through MediaLibraryFilterService."
#009,Track Sorting,Foundations,LINQ & Equality,LINQ sorting; OrderBy; ThenBy; IComparer<T>; custom comparison,#006; #007,"Sort tracks by artist/title, title, and duration using LINQ and a custom comparer.",Completed,"Includes ArtistTitleComparer with case-insensitive comparison."
#010,Duplicate Detection,Foundations,Collections & Equality,HashSet<T>; IEqualityComparer<T>; custom equality; Equals(); GetHashCode(); case-insensitive comparison,#006; #009,"Identify duplicate and distinct tracks using artist/title equality rules.",Completed,"Uses ArtistTitleEqualityComparer and DuplicateDetectionService."
#011,Media Library Processor,Milestone 1,Integration,Integration; IEnumerable<T>; filtering; sorting; duplicate detection; code reuse,#001–#010,"Combine duplicate detection, filtering, sorting, and presentation into a coherent media library processing workflow.",Completed,"Milestone 1 completed; integration challenge and milestone quiz completed."
#012,Media Metadata Model,Metadata,Data Modelling,Records/classes; nullable properties; metadata fields; immutability,#001; #005,"Represent title, artist, album, genre, year, track number, duration, and technical metadata.",Completed,"Implemented using an immutable record with required file path, nullable metadata fields, value equality and with expressions."
#013,Read Embedded Audio Metadata,Metadata,NuGet & APIs,NuGet packages; third-party APIs; MP3/FLAC/Opus tags; resource disposal,#012,"Read embedded metadata from supported audio files using a suitable metadata library.",Completed,"Implemented using TagLibSharp; tested with MP3 metadata and technical audio properties."
#014,Filename Metadata Fallback,Metadata,String Parsing,String parsing; regular expressions; TryParse-style APIs,#012; #013,"Extract artist/title from filenames when embedded tags are missing.",Completed,"Implemented filename fallback for artist, title and track number while preserving available embedded metadata."
#015,Metadata Resolution,Metadata,Business Rules,Fallback rules; null handling; precedence; pure functions,#013; #014,"Choose the best metadata from embedded tags, filenames, and defaults.",Completed,"Implemented metadata precedence using embedded values first, filename-derived fallbacks, whitespace handling and nullable value resolution."
#016,Metadata Reader Interface,Metadata,Interfaces,Interfaces; abstraction; dependency inversion,#013; #015,"Wrap the third-party metadata package behind an application-owned IMetadataReader.",Completed,"Introduced IMetadataReader and EmbeddedMetadata, moved TagLibSharp-specific reading into TagLibMetadataReader, and refactored MediaMetadataScanner to depend on the interface."
#017,Metadata Resolution Tests,Metadata,Unit Testing,Test project; assertions; parameterized tests; edge cases,#014; #015,"Introduce automated tests around deterministic metadata and filename rules.",Completed,"Added xUnit test project with 15 passing tests covering metadata precedence, filename fallback, parameterized cases, exceptions, fake metadata readers, and temporary-file cleanup."
#018,Scan Result Model,Metadata,Result Models,Records; nullable reference types; read-only collections; warnings and errors,#017,"Create a structured result model representing successful, warning, and failed media scans.",Completed,"Uses an explicit IsSuccess flag; failed scans use null metadata, while warnings represent non-fatal issues."
#019,Exception Handling & Error Reporting,Metadata,Reliability,Exceptions; try/catch; custom exceptions; recoverable failures,#005; #018,"Handle inaccessible folders, corrupt metadata, and missing files without crashing the whole scan.",Completed,"Introduced MediaScanService with structured ScanResult error handling for missing files, invalid metadata, access failures and unexpected exceptions; added non-fatal metadata warnings and batch scanning that continues after individual failures."
#020,Scan Statistics,Metadata,LINQ,GroupBy; aggregates; percentages; summaries,#018; #019,"Produce useful statistics about supported files, failures, karaoke pairs, and metadata quality.",Completed,"Added scan success/failure summaries, warning totals, file-extension grouping, metadata completeness statistics, and matched/unmatched karaoke pairing statistics."
#021,Metadata Library Milestone,Milestone 2,Integration,Integration; refactoring; test coverage; service boundaries,#012–#020,"Create a scanner that produces resolved metadata and useful diagnostics for a real library.",Completed,"Integrated library discovery, metadata scanning, diagnostics, karaoke pairing and scan statistics into a single workflow; separated metadata-capable audio files from CDG pairing files; tested against a mixed real library of 859 supported files with 714 successful metadata scans and 145 matched karaoke pairs."
#022,Configuration File,Application Architecture,Configuration,JSON configuration; System.Text.Json; deserialization; configuration models; validation; exception handling,#021,"Load application settings from a JSON configuration file and use the configured library path in the metadata library milestone.",Completed,"Added AppConfiguration and ConfigurationLoader; milestone application now loads LibraryPath from appsettings.json instead of prompting for input."
#023,Configuration Validation,Library Features,Validation,Validation; defaults; nullable reference types; error messages,#022,"Load configuration safely and recover from missing or invalid settings.",Planned,""
#024,Multiple Library Sources,Library Features,Architecture,Collections; configuration models; source types; disconnected drives,#022; #023,"Support multiple enabled/disabled music and karaoke source folders.",Planned,""
#025,Playlist Model,Library Features,Collections,Collections; ordering; encapsulation; identifiers,#006,"Create and manipulate playlists containing library tracks.",Planned,""
#026,M3U Playlist Import & Export,Library Features,Interoperability,Text formats; relative/absolute paths; import/export,#025,"Read and write common M3U playlists.",Planned,""
#027,Playback Queue Manager,Library Features,Collections,Queue-like behaviour; ordering; mutation; state,#025,"Maintain an editable ordered playback queue.",Planned,""
#028,Playback History & Play Counts,Library Features,State,Dictionaries; timestamps; counters; domain methods,#006; #027,"Track recently played songs, last-played time, and play counts.",Planned,""
#029,Favourites,Library Features,State & Persistence,Flags/state; serialization; identifiers,#006; #022,"Mark favourite tracks and preserve that preference.",Planned,""
#030,Smart Lists,Library Features,LINQ,Predicates; reusable rules; composition; queries,#007; #008; #028; #029,"Generate dynamic lists such as favourites, unplayed tracks, or karaoke-only selections.",Planned,""
#031,Advanced Search & Filter Rules,Library Features,LINQ & Generics,Generics; predicates; expression composition; reusable filters,#007; #008; #030,"Combine multiple search, sort, and filter conditions cleanly.",Planned,""
#032,Search & Playlist Milestone,Milestone 3,Integration,Refactoring; extension methods; integration testing,#022–#031,"Produce a usable in-memory media library with configuration, search, playlists, and history.",Planned,""
#033,JSON Library Persistence,Persistence,Serialization,Serialization; file IO; DTOs; versioning,#006; #012; #022,"Save and reload a modest media library without rescanning.",Planned,""
#034,SQLite Fundamentals,Persistence,SQL,SQLite; tables; primary keys; INSERT; SELECT; UPDATE; DELETE,#033,"Learn relational persistence using a small standalone SQLite database.",Planned,""
#035,Media Library Database Schema,Persistence,Database Design,Normalization; keys; indexes; relationships; constraints,#012; #024; #025; #028; #034,"Design tables for tracks, sources, playlists, history, and related application data.",Planned,""
#036,Database Data Access Layer,Persistence,Architecture,Repository/data access pattern; parameterized SQL; interfaces,#034; #035,"Keep SQL/database concerns separate from library business logic.",Planned,""
#037,Persist Scanned Tracks,Persistence,SQL & Integration,Transactions; upserts; identity; batching,#018; #035; #036,"Store scan results and resolved metadata in SQLite.",Planned,""
#038,Database-backed Search,Persistence,SQL,WHERE; ORDER BY; LIKE; indexes; query parameters,#031; #036; #037,"Search and filter a large library efficiently from SQLite.",Planned,""
#039,Incremental Library Scan,Persistence,File Synchronization,File timestamps; hashes/identifiers; change detection; upserts,#024; #037,"Scan only files that are new or changed rather than rebuilding the whole library.",Planned,""
#040,Library Reconciliation,Persistence,File Synchronization,Set comparison; missing files; stale records; transactions,#039,"Detect deleted, moved, and unavailable tracks and reconcile them with stored records.",Planned,""
#041,FileSystemWatcher Library Updates,Persistence,Events & File IO,FileSystemWatcher; debounce; events; race conditions,#039; #040,"React to library file changes without requiring a full manual rescan.",Planned,""
#042,Database & Persistence Tests,Persistence,Testing,Temporary databases; integration tests; fixtures; cleanup,#034–#041,"Verify database and incremental-scan behaviour with repeatable tests.",Planned,""
#043,Persistent Library Milestone,Milestone 4,Integration,Architecture review; performance measurement; refactoring,#033–#042,"Build a database-backed library that survives restarts and updates efficiently.",Planned,""
#044,Async Library Scanner,Application Architecture,Async,async/await; Task; asynchronous IO; ConfigureAwait concepts,#018; #037,"Run potentially slow scanning work without blocking the application.",Planned,""
#045,Scan Progress Reporting,Application Architecture,Async & Events,IProgress<T>; progress models; event-driven updates,#044,"Report scan progress independently of console or UI code.",Planned,""
#046,Cancellation Support,Application Architecture,Async,CancellationToken; cooperative cancellation; cleanup,#044; #045,"Safely cancel a long-running library scan.",Planned,""
#047,Application Events & Delegates,Application Architecture,Events,Events; delegates; EventHandler<T>; subscriptions,#027; #041; #045,"Publish library and playback state changes without tight coupling.",Planned,""
#048,Service Interfaces,Application Architecture,Interfaces,Interfaces; dependency inversion; service contracts,#016; #036; #044,"Define clean boundaries for scanning, metadata, library, playlists, and playback services.",Planned,""
#049,Dependency Injection,Application Architecture,Architecture,DI container; constructor injection; lifetimes; composition root,#048,"Compose application services without manually constructing dependencies everywhere.",Planned,""
#050,Performance Profiling,Application Architecture,Performance,Stopwatch; benchmarking concepts; allocations; query timing,#043; #044,"Measure scanner, metadata, and database performance on realistic library sizes.",Planned,""
#051,Broader Unit & Integration Testing,Application Architecture,Testing,Mocks/fakes; integration boundaries; test design; regression tests,#017; #042; #048,"Expand automated coverage across the main application services.",Planned,""
#052,Application Architecture Milestone,Milestone 5,Refactoring,Layering; dependency review; testability; maintainability,#044–#051,"Refactor the growing codebase into a clean application core ready for a desktop UI.",Planned,""
#053,Playback State Model,Player,State Modelling,Enums; state transitions; timestamps; domain modelling,#027; #047,"Represent stopped, playing, paused, position, duration, and current track state.",Planned,""
#054,Player Commands,Player,Application Logic,Command methods; validation; state transitions; interfaces,#053,"Implement play, pause, stop, next, previous, and seek behaviour at the application layer.",Planned,""
#055,Karaoke Track Model,Player,Domain Modelling,Composition; optional components; invariants; equality,#003; #012; #053,"Evolve karaoke modelling beyond a simple flag to represent audio/CDG pairs and incomplete tracks.",Planned,""
#056,Karaoke Playback Coordination,Player,Playback Architecture,Timing; synchronization; interfaces; events,#054; #055,"Coordinate audio playback state with karaoke graphics timing without coupling it directly to the UI.",Planned,""
#057,MVVM & ViewModels,Player,Desktop UI Architecture,MVVM; observable state; commands; binding concepts,#047–#056,"Expose library, queue, search, and playback state through UI-friendly view models.",Planned,""
#058,First Desktop Library UI,Player,Desktop UI,Data binding; lists; search controls; commands,#057,"Build an initial Windows interface for browsing and searching the media library.",Planned,""
#059,Now Playing & Karaoke UI,Player,Desktop UI,Playback controls; progress; secondary display concepts; event updates,#056–#058,"Add now-playing controls and a karaoke-oriented display experience.",Planned,""
#060,Mini Karaoke Player Milestone,Milestone 6,Integration,End-to-end integration; packaging readiness; retrospective,#053–#059,"Combine the strongest components into a small working database-backed karaoke/music player prototype.",Planned,"Potential transition point from short challenges into larger application feature tickets."
